Classifiers,AUC,Brier score
SVC,0.784450427,0.207247592
LR,0.830070716,0.17543009
RF,0.879222479,0.133739524
KNN,0.832567763,0.17092491
GB,0.862469073,0.183027714