Classifiers,Weighted AUC,AUC,Brier score
SVC,0.880828966,0.896770188,0.060005031
LR,0.872806316,0.87690986,0.07236119
RF,0.922035862,0.927833986,0.043179637
KNN,0.860680093,0.866451493,0.069991381
GB,0.874166631,0.877129185,0.085734794