Classifiers,Weighted AUC,AUC,Brier score,WeightedPrecision,WeightedRecall
SVC,0.880828966,0.896770188,0.060005031,0.830125385,0.812629265
LR,0.872806316,0.87690986,0.07236119,0.76102526,0.73742695
RF,0.922035862,0.927833986,0.043179637,0.84266398,0.824009485
KNN,0.860680093,0.866451493,0.069991381,0.76432095,0.74373787
GB,0.874166631,0.877129185,0.085734794,0.771287875,0.741105985