Classifiers,AUC,Brier score
RF,0.90650429,0.12325221
LR,0.86239438,0.15149418
GB,0.9024414,0.15415002
KNN,0.85248773,0.16099486
SVC,0.85766608,0.15717836