Classifiers,AUC,Brier score,Precision,Recall
RF,0.90650429,0.12325221,0.862634212,0.834337858
LR,0.86239438,0.15149418,0.788281129,0.788302772
GB,0.9024414,0.15415002,0.830125384,0.828312128
KNN,0.85248773,0.16099486,0.776758924,0.775384483
SVC,0.85766608,0.15717836,0.791187045,0.790336824